{"TeBAXEuHR1M7mJ35q7mP8Q==":"logo%20tutwuri-122x123.png","Fms6wGS5Io26DREBq63qAQ==":"logo%20tutwuri-192x194.png","nJZw42e1AFLESafmx0/rGQ==":"img-6368-960x640.jpg","e5nKTyz9RZU7Z8dfZGf7xg==":"cropped-dsc-2055-2000x1104.jpg","cyttLUo4BPfvIhu53i0y7w==":"bv3jwxlw61-600x330.jpg","Z9N6PRyibrG15u2T4SQibQ==":"hipwee-sekolah-1-600x400.jpg","voSYwXZoT1PR9UzJSY7Xzg==":"1458206616-crazyloves-892x666.jpg","Z1QmKcoZhuzgX9TnwpMijQ==":"slide_mpls-ok-5570-1055x536.png","1kXcpSVmiRq7tUoEXFO1RQ==":"img_20181119-71023-678x381.jpg","0ynRZBGSBJlVV1QBSsYSmw==":"1458206616-crazyloves-1-892x666.jpg","7hiiNmi94vDlvaA4gibXIA==":"hal_yg_kamu_rasakan_ketika_sud-1556534695-600x600.jpg","INZ3fELthyioTGSxvdmKTg==":"lulus-sekolah-pelajar-sman-6-coret-coret-seragam-670x335.jpg","mLO6DHTCA+quV12XDfPemg==":"sma-afgan-di-jakarta-1280x850.jpg","YTZ6BS966sFNG0X/25hlKg==":"17437488-275680906202370-4818203907333292032-n-2f57a6cb871565469905d017d3f12178_600x400-600x400.jpg","1i+g1QH/KNQxmezOy3Wa5w==":"whatsapp-image-2017-09-06-at-12.27.32-720x480.jpg","Q7iFfE3tLv4YkP+byiZ/hw==":"anak-sma-700x394.jpg","NzmL6AXoPM1jxorbEvZk3A==":"img-4079-1408x940.jpg","nVCRBhRGH5AXKg4w68T9GQ==":"geng-sma-673x373.jpg","1mGpRpbKs1g6nfujThtQUg==":"seragam-sekolah_20170616-150654-700x393.jpg","q7nUgo9bHetawNOl11rUpg==":"hal_yg_kamu_rasakan_ketika_sud-1556534696-600x600.jpg","7JbPTF53MUTAZkygjzpB5g==":"img_20181119-71024-678x381.jpg","gapFqnU1uqLHfLzTboncQQ==":"img-6369-960x640.jpg","eKPFAaVY0SGW3t6FX+yKUA==":"cotham-example-students-1024x666.jpg","Zd149lP8UVxj5SgcVbbuBg==":"img-7602-1000x667.jpg","Rrx7R+6qfT3DJBGRAbbDng==":"kepsek-1162x774.jpg","om9TGCapeCedCwpTFxE13Q==":"bv3jwxlw61-1-600x330.jpg","VNjYJrkx+E+aUmzErMQUZg==":"geng-sma-1-673x373.jpg","lhLzo7sRfeHy+xaTTBJUhw==":"img-6368-774x516.jpg","/fY9Dt7XvWiIi9nt4kn7ZQ==":"unsma-700x400.jpg","ttO+S+DMjbHW3FHZOy+ckw==":"siswa-siswi-smk-26-jakarta-menunggu-kedatangan-anies-s_20180630-103040-700x393.jpg","iYtFBZEan/Y5BEe74dw47Q==":"seragam-sekolah_20170616-150655-700x393.jpg","PO0HtcLnn6Ly1ZK1cnYjyw==":"sekolah_-1698x1131.jpg","LNx3jk/uJiTBh7kQN43fUg==":"sma-3-semarang1-650x300.jpg","m3wGNh+SEDfo36+G6+zxWA==":"siswa-siswi-smk-26-jakarta-menunggu-kedatangan-anies-s_20180630-103041-700x393.jpg","oRtYqoD4zhbcQpYgEvb11w==":"img-7603-1000x667.jpg","85VaggKfZZnsfgTuETB4ag==":"siswa-siswi-smk-26-jakarta-menunggu-kedatangan-anies-s_20180630-103040-676x380.jpg","rXpyNHIhq6+tVw6020hDbA==":"unsma-676x386.jpg","o+CaUr1Virv5PbPc+nfMqg==":"ftk-1600x1080.jpg","ImJaFt+ZIWuuN09R5ioh9g==":"upacara-600x400.jpg","Jb4EZj9cSK6fsef0avOoyA==":"basket-600x400.jpg","0RZeAFrzww8rahRDDe6hRQ==":"ekskul%20pramuka-600x400.jpg","zDGfjL26A+ju2M/1wWRMBA==":"study%20banding-600x400.jpg","LcFmlNt9aLatB8SnqMONCw==":"ruang%20kelas-600x400.jpg","QIJZfI+aDfhT5EJPHgAl0A==":"tamu%20sekolah-600x400.jpg","FN0Nr6iOYLVvA01PcBLdRA==":"tik-600x400.jpg","7o9xZj/qVi0Ywjc4plEujQ==":"img-6363-2000x836.jpg","PoFootqBRnMZ4IxAG3TsDg==":"cropped-dsc-2055-1012x559.jpg","EgDTtS7RO6EfESOpubKwQQ==":"tony%20stark-240x160.jpg","ajTQ3re4G5tZnna3kL/3JQ==":"tony%20stark-240x259.jpg","FDdn2pI6obidudCy38L+4w==":"osis-1-600x400.jpg","geH3iuNS+fca7QHxPJhTlA==":"tamu%20sekolah-600x400.jpg","qRAmdMhYl2Y+0wz+C+GQbw==":"bimbel-1-600x400.jpg","FgJyGAc1LavE1/S/2StlvQ==":"ruang%20kelas-600x400.jpg","WQ9CawoExM1/Q35LLJvxbg==":"study%20banding-600x400.jpg","ZgH91EbOPVr3q3NsqlSjKg==":"bimbel-2-600x400.jpg","znGAbBhQy7ifVi7A6a1Mrw==":"pramuka-1-600x400.jpg","WaU4PH4yZms/K+PkN+8P9Q==":"upacara-1-600x400.jpg","/COePJaSm3Ox1UfcpYH0FA==":"basket-1-600x400.jpg","Ioqwk77fggwp1mHpyjLQOw==":"tony%20stark-376x405.jpg","5Dl+Cv17gKVO6UJ/brBPjQ==":"1538703609-chris-evans-480x480.jpg","hLkY+UnOJzhUSgOn4Ocsxg==":"hulk-225x300.png","5qJ0XShGueocxrmtC1R8Sw==":"captain-376x405.jpg","goUjKy95RdT7Kw0+NT6YMA==":"thor-376x405.jpg","JX7BtC/9hEQGDANSiaWGZA==":"hulk-376x405.jpg","jrjJ0y85wL3QubeWAaFj9w==":"widow-376x405.jpg","ps0WO8ZosUzC+xPTG4AWJg==":"irongirls-376x405.jpg","Zc8EatUHdMVWi8IjtxL5UQ==":"tik-1-600x400.jpg"}